name,Type,Plot Summary,Genre,Released,Status,Other name
Tomodachi Game (Dub), Spring 2022 Anime," Yuuichi Katagiri has battled financial hardships his whole life but has learned to stay content and positive thanks to his close circle of friends. To keep a promise he made to them, Yuuichi saves up enough money to join them on the school trip. But when the gathered money mysteriously goes missing, suspicion falls on two of Yuuichi's friends"," Game, Psychological, Shounen", 2022, Completed," Friends Game, トモダチゲーム"
Tomodachi no Imouto ga Ore ni dake Uzai, TV Series," If a girl teases you, that means she likes you!Unfortunately, Akiteru knows from experience that isn't the case. Because every girl he interacts with shows him nothing but scorn, and he's not scored a single date from it! Luckily, he's more concerned with securing a spot for him and his game-development buddies at his uncle's business.But when his uncle throws him a condition that involves playing the part of his daughter's boyfriend, Akiteru has no choice but to take it. What will his best friend's sister Iroha, who bullies him relentlessly, think of the news?"," Comedy, Romance", 0, Upcoming,"  My Friend's Little Sister Has It In for Me!; My friend's sister annoying only me., My Friend's Little Sister Has It In for Me!, Imouza ; 友達の妹が俺にだけウザい ; Tomodachi no Imōto ga Ore ni Dake Uzai"
Tomoe ga Yuku!, OVA," The title character of Tomoe ga Yuku! (Tomoe Will Go!) is gutsy enough to roller skate down freeways for thrills. After losing a friend in a roller skating accident, Tomoe joins a stunt group called Green Ship. Although still mourning her friend's death, Tomoe has no reservations about embracing a relationship with the group's leader, Kazusa. Soon she discovers Green Ship is a front for an assassin training camp. She must flee her new life and love and rekindle her fiery spirit in order to fight against the organization which wants her dead."," Action, Drama, Romance, Shoujo, Thriller", 1991, Completed," Tomoe's Run!, 巴がゆく!"
Tonagura!, TV Series," Kazuki has been awaiting 10 years for the day when her neighbours moved back to their old house. She has a crush on Yuuji, whom she considers as her first love but to whom she never managed to express her feelings for him before they moved out.Yuuji often comes over to play with Kazuki, Kazuki’s older sister Hatsune and Yuuji’s sister Marie when they were kids. Her ideal depiction of Yuuji was soon shattered when he turned out more than she had expected, him acting all ecchi during their reunion. With their parents off in South America, both families must learn to live with each other and rekindle the childhood feelings they shared together. Things get even more crazy as they attend the same school. Genres"," Comedy, Drama, Ecchi, Romance, School", 2006, Completed, となグラ！
Tonari no Kaibutsu-kun, TV Series," Mizutani Shizuku is the type of person who only cares for her own grades. But when she accidentally delivers lesson notes to Yoshida Haru, he becomes convinced they are friends. Haru turns out to have a very innocent personality, but who would’ve thought that Haru would actually confess to Shizuku? A cold-hearted girl and super-troublemaker romance with a fresh new perspective."," Comedy, Romance, School, Shoujo, Slice of Life", 2012, Completed," My Little Monster, となりの怪物くん"
Tonari no Kaibutsu-kun, OVA, OVA bundled with the limited edition of the 12th volume of the manga.," Comedy, Historical, Romance, Shoujo", 2013, Completed, となりの怪物くん
Tonari no Kyuuketsuki-san, Fall 2018 Anime," The modern-day vampire comedy centers on high school girl Amano, who was saved from a strange incident by a vampire girl named Sophie Twilight, and has been interested in her ever since. Akari arrives at her house uninvited and the two start to live together. Although a vampire, Sophie never attacks humans, but purchases blood and anime goods via mail and lives a modern life."," Comedy, Slice of Life, Supernatural, Vampire", 2018, Completed," Ms. vampire who lives in my neighborhood., となりの吸血鬼さん"
Tonari no Seki-kun, Winter 2014 Anime," The original manga revolves around a girl named Yokoi who sits next to a boy only known as Seki-kun. During class, Seki-kun continues to not pay attention and instead creates amazing little distractions, such as a detailed golf course with the course’s hole being a dent in his desk, or an entire dramatic war being played out by paper shogi pieces. Yokoi often finds herself getting reluctantly interested in his games, even though they always seem to end up getting HER in trouble with the teacher!"," Comedy, School, Seinen", 2014, Completed, Tonari no Seki-kun
Tonari no Seki-kun (Dub), Winter 2014 Anime," The original manga revolves around a girl named Yokoi who sits next to a boy only known as Seki-kun. During class, Seki-kun continues to not pay attention and instead creates amazing little distractions, such as a detailed golf course with the course's hole being a dent in his desk, or an entire dramatic war being played out by paper shogi pieces. Yokoi often finds herself getting reluctantly interested in his games, even though they always seem to end up getting HER in trouble with the teacher!"," Comedy, School, Seinen", 2014, Completed, Tonari no Seki-kun
Tonari no Seki-kun OVA, OVA, Tonari no Seki-kun OVA," Comedy, School, Seinen", 2014, Completed, となりの関くん DVD
Tonari no Seki-kun Specials, Special, Two unaired episodes included in the DVD Set release of Tonari no Seki-kun series. #1. Field Trip (Rinkan Gakkou) (first volume) #2. Snow Playing (Yuki Asobi) (second volume)," Comedy, School, Seinen", 2014, Completed, となりの関くん
Tonari no Totoro (Dub), Movie," Follow the adventures of Satsuki and her four-year-old sister Mei when they move into a new home in the countryside. To their delight they discover that their new neighbor is a mysterious forest spirit called Totoro who can be seen only through the eyes of a child. Totoro introduces them to extraordinary characters, including a cat that doubles as a bus, takes them on a journey through the wonders of nature."," Adventure, Fantasy, Supernatural", 1988, Completed," My Neighbor Totoro, となりのトトロ"
Tondemo Nezumi Daikatsuyaku, Movie," This animated story features Manxmouse, the mouse that looks like a rabbit, and all because of his ears. Join in the adventures in this delightful story.", Adventure, 1979, Completed," The Legend of Manxmouse, トンデモネズミ大活躍"
Tondemo Skill de Isekai Hourou Meshi, Winter 2023 Anime," Along with three other heroes, 27-year-old Mukouda Tsuyoshi is transported into a fantasy world to rescue a kingdom from a mysterious threat. However, it soon becomes clear that Tsuyoshi has been dragged into the summoning ritual by accident. His only skill turns out to be ""Food Menu,"" which allows him to open an interface where he can purchase and obtain food-related supermarket items from modern Japan.Unceremoniously booted out of the palace, Tsuyoshi sets out on his own into his new world. However, his ability to create delicious dishes unknown to this world soon pays dividends, even attracting the legendary wolf Fenrir. Fenrir is so taken in by the food that the creature immediately forms a contract with Tsuyoshi, becoming his familiar. Followed by this whimsical mythical being, Tsuyoshi takes up a job as a merchant and adventurer, travelling and cooking up mouth-watering meals that never fail to amaze the inhabitants of this world."," Adventure, Comedy, Fantasy, Gourmet, Isekai", 2023, Completed, Campfire Cooking in Another World with My Absurd Skill; Regarding the Display of an Outrageous Skill Which Has Incredible Powers ; とんでもスキルで異世界放浪メシ
Tondera House no Daibouken (Dub), TV Series," The series began in the middle of a game of hide and seek, as a young boy named Justin Casey (Gen) finishes counting and begins searching for his friends Angela (usually called ""Angie"") and Corkey Roberts (Kanna and Tsukubo Natsuyama).As he searched for the brother and sister in the wooded area, a storm occurred all of a sudden. Justin managed to sneak up on the two before the rain started pouring, forcing them to run for cover. They would eventually find a house in the wooded area, previously unseen according to Justin. At first glance it appeared nobody was home after entering the house, until they discovered a robot named Solar Ion Robot (Kadenchin), or the acronym SIR. They would soon meet the owner of the house, Professor Humphrey Bumble (Dr. Tokio Taimu), who introduced the children to his greatest creation, a time machine. Professor Bumble's attempt at recreating Benjamin Franklin's famous lightning experiment with the use of a kite flying outside the house to get the machine working only led up to SIR's temporary change in personality before sending the entire house on course for the past.The children never realized how long the journey back home would be due to Professor Bumble's misguidance and errors in time travel, but in the meantime they witnessed and participated (with little or no consequences) in numerous events in the Bible's New Testament, from John the Baptist's birth to the rise of the Apostle Paul."""," Adventure, Historical, Sci-Fi", 1982, Completed, Time Kyoshitsu
Tong Ling Fei, ONA," Qian Yunxi, the oldest daughter of the prime minister was born with a special ability. Because of this she was deemed 'abnormal' and was raised at Mt. Lin Yun. Upon turning 16, she took her younger sister's place to marry into the royal family of Ye. Rumors say Ye Youming is strange, cold and cruel. Just how will Qian Yunxi's fate play out?"," Comedy, Drama, Historical, Romance", 2018, Completed," Psychic Princess, 通灵妃"
Tong Zhi Zhe, ONA," A Jack of All Trades is a person who can competently do all kinds of jobs. Loser Zhang Dabao is a professional Jack of All Trades, but his living conditions are, shall we say, less than satisfactory. One day, a beautiful woman who is being harassed by a pervert approaches him for help. He accepts, and soon embarks on a mission like nothing the world has seen before."," Adventure, Horror, Police", 2015, Completed," Jack of All Trades, 通职者"
Tongari Boushi no Atelier, TV Series," Coco, a humble dressmaker's daughter, has always been fascinated by magic and the witches who cast it, despite the strict precautions they take to hide their methods from the public. However, when Coco takes advantage of a golden chance to spy on the skilled witch Qifrey, she realizes that her favorite picture book was a disguised magic book all along! In her excitement, she immediately starts testing out the various spells.When a spell causes a disaster in her home, Qifrey rescues her just in time and decides to train her, realizing that she is the first lead he has found that could help him track down the Brimmed Caps—a dangerous group of heretics who experiment with forbidden body-altering magic and spread magical artifacts among the commoners. But before Coco and Qifrey can confront the Brimmed Caps, she is going to have to improve her magical skills and learn to get along with Qifrey's other apprentices.", Fantasy, 0, Upcoming," Witch Hat Atelier, Atelier of Witch Hat ; とんがり帽子のアトリエ"
Tongari Boushi no Memole, TV Series," Memoru is one of 245 people who came to earth from the Riruru Star when their ship had an emergency crash-landing on earth. Memoru's people have such tiny bodies that they could stand on a human's palm. One day she hears lovely music, and she follows its source and comes upon a huge house she hasn't seen before to find a girl taller than her playing on the piano. Memoru visited her again secretly with her friends Popitu, Rupangu, and Pi, but the human girl, Marielle, seemed sick and likely to die any moment. Feeling sad for the girl, Memoru's tear drops on the girl's lips. The girl gets better and a strong friendship starts between them."," Fantasy, Magic, Shoujo", 1984, Completed," Memoru in the Pointed Hat, Tongari Boushi no Memoru, Wee Wendy, とんがり帽子のメモル"
Tonikaku Kawaii, Fall 2020 Anime," Having grown up ridiculed for his bizarre name, Nasa Yuzaki strives to be remembered for something more. Fortunately, it seems he's on the right path, ranking first in the nation's mock exams and set to enter his high school of choice.However, everything changes in a single night when he notices a girl across the street on his way home. Enraptured by her overwhelming cuteness, it's love at first sight for Nasa. But in his infatuated daze, he fails to notice the approaching danger speeding down the road and finds himself at death's door. Barely alive thanks to the girl's intervention, Nasa musters the courage to confess his love to her, fearing she might otherwise vanish from his life. She accepts his proposal on one condition"," Comedy, Romance, Shounen", 2020, Completed, TONIKAWA
Tonikaku Kawaii (Dub), Fall 2020 Anime," Having grown up ridiculed for his bizarre name, Nasa Yuzaki strives to be remembered for something more. Fortunately, it seems he's on the right path, ranking first in the nation's mock exams and set to enter his high school of choice.However, everything changes in a single night when he notices a girl across the street on his way home. Enraptured by her overwhelming cuteness, it's love at first sight for Nasa. But in his infatuated daze, he fails to notice the approaching danger speeding down the road and finds himself at death's door. Barely alive thanks to the girl's intervention, Nasa musters the courage to confess his love to her, fearing she might otherwise vanish from his life. She accepts his proposal on one condition"," Comedy, Romance, Shounen", 2020, Completed, TONIKAWA
Tonikaku Kawaii 2nd Season, Spring 2023 Anime, Second season of Tonikaku Kawaii.," Comedy, Romance, Shounen", 2023, Ongoing, TONIKAWA
Tonikaku Kawaii 2nd Season (Dub), Spring 2023 Anime, Second season of Tonikaku Kawaii.," Comedy, Romance, Shounen", 2023, Ongoing, TONIKAWA
Tonikaku Kawaii, OVA, Special episode of Tonikaku Kawaii scheduled to be released Summer 2022.," Comedy, Romance, Shounen", 2022, Completed, TONIKAWA
Tonikaku Kawaii, Special, Special episode of Tonikaku Kawaii released Fall 2022.," Comedy, Romance, Shounen", 2022, Completed, TONIKAWA
Tonikaku Kawaii, OVA," When Nasa is called in to work suddenly, Tsukasa faces her first night alone since they married. Struck with loneliness, she takes ahold of the smartphone that Nasa gave her as a gift. Even when apart, they remain connected at the heart."," Comedy, Romance, Shounen", 2021, Completed," Tonikaku Kawaii OVA, トニカクカワイイ 〜SNS〜"
Tonikaku Kawaii, OVA," When Nasa is called in to work suddenly, Tsukasa faces her first night alone since they married. Struck with loneliness, she takes ahold of the smartphone that Nasa gave her as a gift. Even when apart, they remain connected at the heart."," Comedy, Romance", 2021, Completed," Tonikaku Kawaii OVA, トニカクカワイイ 〜SNS〜"
Tonkatsu DJ Agetaro, Spring 2016 Anime," Agetarou works at his family's tonkatsu restaurant in Shibuya, but he's not very excited by the work. One day, he takes a delivery to the staff of a night club, and the worker lets him in to enjoy the club for a while. Agetarou finds that he loves the club, with its relaxed people and cute girls, all enjoying the music supplied by the DJ. He continues going to the club, until the night comes when the guest American DJ Big Master Fly puts on a show. Agetarou is inspired by Big Master Fly, and realizes that the groove of being a DJ is very similar to the groove of being a tonkatsu chef. Now Agetarou is determined to master both disciplines, though he is most excited to become a DJ!"," Comedy, Music, Shounen", 2016, Completed, とんかつDJアゲ太郎
Tono to Issho, OVA, The manga follows the humorous exploits of generals during Japan's tumultuous Sengoku (Era of the Warring States) period.," Comedy, Historical, Parody, Samurai, Seinen", 2010, Completed, 殿といっしょ
Tono to Issho, TV Series, Comedy parodying famous samurai generals and historical events.," Comedy, Samurai", 2010, Completed," Tono to Issho TV, 殿といっしょ 1分間劇場"
Top wo Nerae 2! Kagaku Kouza, Special," Similar to the Gunbuster! Science Lesson these are short ""omake"" bonus features bundled on the Blu-ray Box Complete Edition of the Top wo Nerae 2! Diebuster.Each short lasts around three minutes, and features super deformed versions of Nono, Lal`C Melk Mark and the Dix-Neuf explaining the various scientific aspects of the series.", Sci-Fi, 2012, Completed," Diebuster Science Course, Top wo Nerae 2! Diebuster! Science Lesson, トップをねらえ２！科学講座"
Top wo Nerae 3!, OVA,," Action, Comedy, Drama, Sci-Fi", 0, Upcoming," Aim for the Top! 3, Gunbuster 3 ; トップをねらえ3！"
Top wo Nerae! Gunbuster Specials, Special, A series of shorts related to Gunbuster.," Mecha, Space", 2000, Completed," Gunbuster Renewal EX, トップをねらえ！ GunBuster"
Top wo Nerae! Kagaku Kouza, Special," The science lessons are short ""omake"" bonus features originally present on the first two volumes. Each short lasts around two minutes, and stars super deformed versions of Noriko, Kazumi and the Coach explaining the various scientific aspects of the series."," Comedy, Mecha, Sci-Fi", 1988, Completed," Gunbuster! Science Lesson, Aim for the Top! Science Lesson, Gunbuster! Science Course, トップをねらえ！科学講座"
Toradora SOS, Special," Despite Ryuji Takasu’s gentle personality, his eyes make him look like an intimidating delinquent so he is utterly hopeless about his chances of getting a girlfriend anytime soon, and does not have many close friends either. After being greeted by his hungover mother in the morning, Ryuji goes to school and is happy to find that he gets to be in the same class as his best friend Yusaku Kitamura and crush Minori Kushieda.However, it is then that he unexpectedly knocks into “the school’s most dangerous animal of the highest risk level” — Taiga Aisaka — who just happens to also be in his class, and is a good friend of Minori. Despite Ryuji Takasu’s gentle personality, his eyes make him look like an intimidating delinquent. Class rearrangements on his second high school year put him together with his best friend, Yusaku Kitamura, and his hidden crush, Minori Kushieda. Along with these two comes Kushieda’s best friend, Taiga Aisaka. Her delicate appearance contrasts with her brutal personality. Secretly in love with Kitamura, Taiga agrees to help Ryuji with his love interest as long as he helps her get closer to hers. It’s a new school year and Ryuuji Takasu discovers not only is he in the same class as his best friend, Yusaku Kitamura, but also Minori Kukshieda whom he’s had an undisclosed crush on for quite some time. Along with Kitamura and Minori is Minori’s best friend, the “Palmtop Tiger”, tiny Taiga Aisaka whom, despite her small stature, takes nothing from nobody. (When unflattering pictures of her in a bathing suit were circulated, “Of course, I made it rain blood in the photography club.”) Taiga is secretly in love with Kitamura and she and Ryuuji, despite an oil and water relationship, agree to mutually support each other in their quests for their heart’s desire. Genre", Comedy, 2009, Completed, とらドラ! SOS!
Toradora!, TV Series," Despite Ryuji Takasu’s gentle personality, his eyes make him look like an intimidating delinquent so he is utterly hopeless about his chances of getting a girlfriend anytime soon, and does not have many close friends either. After being greeted by his hungover mother in the morning, Ryuji goes to school and is happy to find that he gets to be in the same class as his best friend Yusaku Kitamura and crush Minori Kushieda.However, it is then that he unexpectedly knocks into “the school’s most dangerous animal of the highest risk level” — Taiga Aisaka — who just happens to also be in his class, and is a good friend of Minori. Despite Ryuji Takasu’s gentle personality, his eyes make him look like an intimidating delinquent. Class rearrangements on his second high school year put him together with his best friend, Yusaku Kitamura, and his hidden crush, Minori Kushieda. Along with these two comes Kushieda’s best friend, Taiga Aisaka. Her delicate appearance contrasts with her brutal personality. Secretly in love with Kitamura, Taiga agrees to help Ryuji with his love interest as long as he helps her get closer to hers. It’s a new school year and Ryuuji Takasu discovers not only is he in the same class as his best friend, Yusaku Kitamura, but also Minori Kukshieda whom he’s had an undisclosed crush on for quite some time. Along with Kitamura and Minori is Minori’s best friend, the “Palmtop Tiger”, tiny Taiga Aisaka whom, despite her small stature, takes nothing from nobody. (When unflattering pictures of her in a bathing suit were circulated, “Of course, I made it rain blood in the photography club.”) Taiga is secretly in love with Kitamura and she and Ryuuji, despite an oil and water relationship, agree to mutually support each other in their quests for their heart’s desire. Genre"," Comedy, Romance, School, Slice of Life", 2008, Completed, とらドラ！
Toradora! (Dub), TV Series," It's a new school year and Ryuuji Takasu discovers that not only is he in the same class as his best friend, Yuusaku Kitamura, but also Minori Kushieda whom he's had an undisclosed crush on for quite some time. Along with the two of them comes the ""Palmtop Tiger"", tiny Taiga Aisaka and Minori's best friend. Despite her small stature, Taiga takes nothing from anybody and is secretly in love with Kitamura. Ryuuji and Taiga, despite their oil and water relationship, agree to mutually support each other in their quests for their hearts' desire."," Comedy, Ecchi, Romance, School, Slice of Life", 2008, Completed, とらドラ！
Toradora!, Special," An unaired episode included in the Blu-ray box set.Yuusaku brings an extravagant bento box to share with the class, which makes Ryuuji feel inferior about his own bento making skills. Desperate to beat his bentos, Ryuuji obsessively tries to compete against them to the point where he even brings a rice cooker to school. After Taiga brings him some salty onigiri, Ryuuji realises that the true meaning of bentos is not the taste, but the feelings that are put into it."," Comedy, Romance, School, Slice of Life", 2011, Completed, Toradora!
Toradora!, Special," Yuusaku brings an extravagant bento box to share with the class, which makes Ryuuji feel inferior about his own bento making skills. Desperate to beat his bentos, Ryuuji obsessively tries to compete against them to the point where he even brings a rice cooker to school. After Taiga brings him some salty onigiri, Ryuuji realises that the true meaning of bentos is not the taste, but the feelings that are put into it."," Comedy, Romance, School, Slice of Life", 2011, Completed, Toradora! Special; とらドラ！ 弁当の極意
Toradora!, Special," Toradora DVD shorts featuring the miniature forms of the Toradora characters talking about, and eating, food.", Comedy, 2009, Completed, Toradora!
Toriko, TV Series," In the world of Toriko, many extravagant and delicious ingredients exist in the most dangerous places, and it is up to the Bishoku-ya, or Gourmet Food Providers, to hunt down these animals and plants in the face of danger. Toriko is one such Bishoku-ya, taking his place as one of the Four Heavenly Kings of Bishoku-ya with his immense strength and appetite. Together with Komatsu, a timid chef trianed in the art of preparing food; Coco, the poisonous Bishoku-ya who can see the future; Terry Cloth, the offspring of a clone of the long-extinct Battle Wolf; and many more, Toriko takes on job after job while searching for the foods great enough to make it into his dream full-course meal."," Action, Adventure, Comedy, Fantasy, Shounen", 2011, Completed, トリコ
Toriko (Dub), TV Series," Hamburgers that grow out of the ground like four-leaf clovers, mountain ranges carved out of ice cream, and warm servings of mac and cheese that stew deep within the stomachs of volcanoes fill the landscape. This world of delectable natural wonders has reached a prime age of exploration—the Gourmet Age! Citizens and chefs alike aspire to taste and prepare the finest dishes, while adventurers called ""Gourmet Hunters"" seek out delicious rare ingredients.Possessing a unique set of skills, the wild and passionate Gourmet Hunter Toriko is infamous for discovering 2% of all known ingredients. Together with his friend Komatsu—a highly skilled chef working at a five-star hotel—Toriko strives to complete his Full Course Menu of Life. But it isn’t going to be easy; in order to obtain the most delicious ingredients, Toriko must battle against obstacles like deadly monsters, evil organizations, and food itself!"," Action, Adventure, Comedy, Fantasy, Shounen", 2011, Completed," Toriko, Toriko (2011), Toriko (TV), Toriko X One Piece Collabo Special, トリコ"
Toriko 3D, Movie, Toei Animation is producing the Jump Heroes Film double billing 3D films of Toriko and One Piece with original stories.," Action, Adventure, Comedy, Shounen", 2011, Completed, トリコ３Ｄ 開幕グルメアドベンチャー！！
Toriko Movie, Movie, The new Toriko movie.," Action, Adventure, Fantasy, Shounen", 2013, Completed, Toriko the Movie
Toriko, Special," Special shown at the Jump Super Anime Tour in 2009.In a world where the taste and texture of food is extremely important, there exist individuals known as Bishoku-ya (luxury food providers) who specialize in the acquisition of rare ingredients and animals. Toriko is one of these hunters and it is his dream to find the most precious foods in the world and create the ultimate dinner course. As one of the most skilled hunters in the world he is regularly hired by restaurants and the rich to seek out new ingredients and rare animals.A man with inhuman ability, he utilizes his incredible strength and knowledge of the animal kingdom to capture ferocious, evasive and rare beasts to further his final goal, the ultimate dinner course composed of the most delicious food in the world. He is currently accompanied by a weak and timid chef who, inspired by Toriko's ambition, travels with him to improve his culinary skills and find rare ingredients."," Action, Adventure, Comedy, Shounen, Super Power", 2009, Completed, トリコ
Toshokan Sensou, TV Series," Toshokan Sensou tells the story of Kasahara Iku, the first woman to join the Library Task Force. In the near future in Japan, the Media Enhancement Law has been forced upon the population censoring all books and media. To counter this, the Library Defense Force was created. To protect themselves against the Media Enhancement Law Commission, all major libraries are fully equipped with a military Task Force, who take it upon themselves to protect the books and freedom of media of the people.This anime follows Iku and her fellow soldiers as they protect various special books and artifacts from the oppression of the Media Enhancement Law Commission. A love story, war story, and comedy all rolled into one."," Action, Comedy, Military, Romance", 2008, Completed," Library Wars, 図書館戦争"
Toshokan Sensou, Movie," Kasahara Iku and Dojo Atsushi receive an emergency recall in the middle of their date as Japan is rocked by a terror attack. Their new duty is a protection detail assigned to Touma Kurato, an author. Meanwhile, the relationship between Librarians and the Media Purity Committee is also worsening. During yet another hostile confrontation, Dojo is seriously wounded. Although Kasahara is badly flustered by this turn of events, Dojo still sees fit to entrust her with Touma's protection."," Action, Comedy, Military, Romance", 2012, Completed, 図書館戦争 革命のつばさ
Totsukuni no Shoujo, OVA," Let not an Outsider touch thee,Lest thou shalt be cursed forever.Once upon a time, in a land far away that was divided into two realms...The Outside was roamed by teratomorphic creatures who had the power to curse whoever they touched. Humans could live safely only in the Inside. But when a lost little girl from the Inside named Shiva, and a demonic beast-looking Outsider simply known as ""Teacher"" initiate a quiet coexistence on the same side of the forest, their bond seems to transcend their incompatible natures. It is the beginning of a folktale about two outcasts -one human, one inhuman- who linger in the hazy twilight that separates night from day."," Shounen, Supernatural", 2019, Completed, The Girl From the Other Side
Totsukuni no Shoujo (2022), OVA, OVA bundled with the special edition of the manga's side story.," Shounen, Supernatural", 2022, Completed,  The Girl From the Other Side
Totsukuni no Shoujo (2022) (Dub), OVA, OVA bundled with the special edition of the manga's side story.," Shounen, Supernatural", 2022, Completed," The Girl From the Other Side, Siúil, a Rún OVA, Totsukuni no Shoujo OAD, とつくにの少女"
Tottemo! Luckyman, TV Series, This gag comedy series focused on the adventures of a bizarre superhero powered by special cooking and fights against various aliens and other enemies threatening the planet Earth.," Comedy, Gag Humor, Sci-Fi, Shounen, Super Power", 1994, Ongoing, とっても！ラッキーマン
Tottoko Hamtarou, TV Series," He's small, fluffy, and absolutely adorable"," Adventure, Comedy, Kids", 2000, Completed," Hamtaro, Tottoko Hamtaro Dechu, Tottoko Hamutaro, とっとこハム太郎"
Tottoko Hamtarou (Dub), TV Series," He's small, fluffy, and absolutely adorable"," Adventure, Comedy, Kids", 2000, Completed," Hamtaro, Tottoko Hamtaro Dechu, Tottoko Hamutaro, とっとこハム太郎"
Tottoko Hamtarou Hai!, TV Series," Tottoko Hamutaro Hai! is the sequel to Tottoko Hamutaro, or in English, Hamtaro. The series revolves around the 15 original Ham-Hams in short 5-minute episodes. The Hai! series is animated differently from the original series, most notably, the head-to-body ratio is off, and it is also computer-generated in 3-D."," Adventure, Kids", 2006, Completed," Tottoko Hamutarou Hai!, Tottoko Hamutarou"
Touch, TV Series," The story centers around three characters – Uesugi Kazuya, his twin older brother Tatsuya, and Asakura Minami. Kazuya is the darling of his town as he’s talented, hardworking, and the ace pitcher for his middle school baseball team. Tatsuya is a hopeless slacker who’s been living the life of giving up the spotlight to Kazuya, despite the fact that he may be more gifted than him.Minami is the beautiful childhood girlfriend and for all intents, sister from next door who treats both of them as equals. Society largely assumes Kazuya and Minami will become the perfect couple, including Tatsuya. Yet as time progresses, Tatsuya grows to realize that he’s willing to sacrifice anything for the sake of his brother, except at the expense of giving up Minami to Kazuya. And thus the story is told of Tatsuya trying to prove himself over his established younger brother, how it affects the relationship between the three, and both brothers’ attempts to make Minami’s lifelong dreams come true. Genres"," Drama, Romance, School, Slice of Life, Sports", 1985, Completed, タッチ
Touch, Special," This movie is a TV special that spun off from the popular anime show ""Touch"". The show follows the story of Tatsuya who moved to the U.S. to become a major league baseball player, and Minami who retired from rhythmic sportive gymnastics."," Romance, Shounen, Sports", 2001, Completed, タッチ CROSS ROAD～風のゆくえ
Touch, Special," This fourth movie takes place a couple of years after the series.Minami and Tatsuya are both in college now. Different colleges, I might add. Tatsuya has quit playing baseball. Nitta is still pursuing Minami. And Tatsuya has a mysterious girl named Kaori at his college that seems to like him. So, how will all this affect the relationship between Minami and Tatsuya?"," Romance, Shounen, Sports", 1998, Completed," タッチ Miss Lonely Yesterday あれから, 君は..."
"Touhokutou, Juunana no Sora", ONA," Hirofumi Mizusawa is a 2nd year student at Nanagou High School, which is going to close this summer. One day late at night while trying to finish his summer homework, he observes a “flying orange light” from the window in his room. The next day he tells his friends Akira and Ryo about it and they begin to investigate the true nature of the light, but…", Slice of Life, 2015, Completed," The Light at Night in Summer, 東北東, 十七の空"
Touhou Gensou Mangekyou, OVA," Marisa, an ordinary magician, suspects a youkai is behind the winterly weather in the middle of spring. She goes off to investigate and soon arrives in the netherworld, facing the youkai behind the strange incident. Will her friend, the shrine maiden Reimu, arrive in time to save the day or will all be lost?"," Fantasy, Magic, Vampire", 2011, Ongoing,  幻想万華鏡～The Memories of Phantasm～
Touhou Niji Sousaku Doujin OVA, TV Series," Welcome to the fascinating world of Gensokyo, in which youkai (A term for all sorts of spiritual creatures), animals and some humans live, completely separated from our world by a magical barrier. The only gateway between the two worlds is the Hakurei shrine.Reimu Hakurei is the maiden working at said shrine. Whenever problems of supernatural causes (known as ""Incidents"") occur, Reimu goes out with her friends to investigate, eliminate the cause and hopefully restore Gensokyo to its equilibrium."," Fantasy, Magic", 2008, Completed, Touhou Unofficial Doujin Anime
Touka Gettan, TV Series," Touka Gettan is set in the land of Kamitsumihara, where traces of magic and legend can still be seen. The land has been under the protection of the Kamiazuma clan since it was founded. The story revolves around T?ka Kamiazuma, the main protagonist, and his encounter with a young girl named Momoka Kawakabe who comes to stay with the clan. Their meeting sets off a chain of events that will bring an ancient legend to life."," Drama, Romance, Supernatural", 2007, Completed, 桃華月憚
Touken Ranbu, Fall 2016 Anime," The year is 2205. The ""historical revisionists"" have begun attacks on the past in their plot to change history. The Saniwa, who have been charged with protecting history, can imbue life into objects. Strongest among these are the Touken Danshi. The story centers around their cheerful lives.", Fantasy, 2016, Completed, 刀剣乱舞-花丸-
Touken Ranbu, Fall 2016 Anime," The year is 2205. The ""historical revisionists"" have begun attacks on the past in their plot to change history. The Saniwa, who have been charged with protecting history, can imbue life into objects. Strongest among these are the Touken Danshi. The story centers around their cheerful lives.", Fantasy, 2016, Completed, 刀剣乱舞-花丸-
Toushinden (Dub), OVA," For one year, Master Swordsman Eiji Shinjo has been haunted by the memory of his battle with the renegade champion, Gaia - a battle that was cut short by the forces of the malevolent syndicate known as ""the organization.""Denied victory, Eiji left the tournament followed by his opponents mocking laughter. Worse still, Eiji walked away no closer to finding his long lost brother, Sho. But now, a mysterious warrior is hunting down the champions of the previous tournament and using their own moves against them - and it looks like that person may be Sho. Who is this powerful new foe and who is his next target?Eiji and Kayin, his closest friend and greatest rival, struggle to unravel the mystery before they, too, join the ranks of the defeated. The answer lies at the heart of the Organization and its plans for world domination. At last, the ultimate battle between the greatest fighters in the world will be decided. But if Eiji loses, his friends - Ellis - may Die..."," Action, Martial Arts", 1996, Completed, Battle Arena Toshinden; Toshinden; 闘神伝
Toushinki G's Frame, ONA," At the end of the 21st century, the discovery of a new energy source called ""DG energy"" (short for ""divine grace energy"") has revolutionized Earth's economy and allowed humanity to colonize space. However, when the initial expedition reaches Pluto, they are attacked by a mysterious, giant life-form known as ""Nergal.""The Earth Alliance Army fights back by creating an ""AG Unit"" using ancient robot weapons known as the ""G's Frame"" which were excavated from archaeological sites all around the world. Girls with special qualities known as ""Ancient Girls"" can pilot these robots against the Nergal. However, the first AG Unit suffers heavy casualties in the Jupiter Trojan campaign, and the pilot of Unit 04, Minamiya Reiu, goes missing-in-action...Years later, Minamiya Reika, the younger sister of Reiu, enlists with the AG Unit to search for her sister and to protect the Earth from the Nergal. A story of friendship, ancient robot weapons, and battles to the death with the Nergal ensuesJapanese dub verrson."," Action, Mecha, Sci-Fi, Space", 2021, Completed," Ancient Girl's-Frame, Dou Shen Ji, 闘神機ジーズフレーム,"
Toushou Daimos, TV Series, The third of Tadao Nagahama's Romance Super Robot Trilogy. (#1," Adventure, Drama, Mecha, Romance, Sci-Fi, Shounen", 1978, Completed, 闘将ダイモス
Tousouchuu, Spring 2023 Anime," Based on the Japanese variety show of the same name.The anime is set in the future when human has migrated to the Moon due to Earth's climate change. The anime incorporates its own elements such as the human drama of survival on a diverse field that blurs countries and eras such as Shibuya, Edo-period Japan, and London."," High Stakes Game, Sci-Fi, Suspense", 2023, Ongoing, 逃走中 グレートミッション
Toutotsu ni Egypt Kami, ONA, The anime will show ancient Egyptian gods relaxing and enjoying their time.," Comedy, Fantasy, Slice of Life", 2020, Completed," Suddenly, Egyptian Gods, とーとつにエジプト神"
Toutotsu ni Egypt Shin 2, ONA, Second season of Toutotsu ni Egypt Shin web series.," Comedy, Fantasy, Slice of Life", 0, Upcoming," Suddenly, Egyptian Gods Season 2; Suddenly, Egyptian Gods 2nd Season ; とーとつにエジプト神"
Towa no Quon, Movie," In a futuristic Tokyo, unique human beings who have awakened distinct super powers are being hunted by a secret organisation named Custos. Known as Attractors, these exceptional humans are joining forces to defend themselves. They are led by a boy named Quon, an idealist who is determined to save all Attractors..."," Action, Super Power, Supernatural", 2011, Completed, トワノクオン
Towa no Quon (Dub), Movie," This story follows a boy named Quon and his friends, who are ""Attractors"". Attractors are human beings who have awakened and have supernatural powers. Quon is determined to save them all. But a secret organization is hunting them..."," Action, Mystery, Super Power, Supernatural", 2011, Completed, トワノクオン; Towanoquon
Tower of Druaga The Aegis of Uruk , TV Series," Half a year has passed since monsters disappeared from the the tower of druaga, thanks to Jil and his companions who defeated the evil god Druaga, Jil and Fatina survived the colapse of the tower and try to live their lives after the betrayal of Neeba and Kaaya.This changed when they rescue a little girl named Kai who tells Jil to take him to the top of the tower, after showing him and unpleasent vision of the future.. Jill embarks on a quest with his companions for a fabled and powerful artifact rumored to be in the highest floor of the Tower of Druaga. However, other competitors, including the kingdom of Uruk itself, want the treasure for their own reasons. Genre"," Adventure, Comedy, Fantasy", 2008, Completed, ドルアーガの塔 〜the Aegis of URUK〜
Tower of Druaga The Sword of Uruk, TV Series," Half a year has passed since monsters disappeared from the the tower of druaga, thanks to Jil and his companions who defeated the evil god Druaga, Jil and Fatina survived the colapse of the tower and try to live their lives after the betrayal of Neeba and Kaaya.This changed when they rescue a little girl named Kai who tells Jil to take him to the top of the tower, after showing him and unpleasent vision of the future. Jill embarks on a quest with his companions for a fabled and powerful artifact rumored to be in the highest floor of the Tower of Druaga. However, other competitors, including the kingdom of Uruk itself, want the treasure for their own reasons. Genre"," Adventure, Fantasy", 2009, Completed, ドルアーガの塔 ～the Sword of URUK～
Toyama Kankou Anime Project, Special, The Toyama Kankou Anime Project is a visualization of the three most popular tourist spots of the Toyama prefecture," Historical, Slice of Life", 2009, Completed, Nakaseru Sora ni Aitai
Traditional Gods and a Modern doctor, ONA,," Adventure, Comedy, Fantasy", 2019, Completed,
Transformers, TV Series," Fleeing from the war that has raged on the planet Cybertron for millions of years, the heroic Autobots led by Optimus Prime encounter a surprise attack by the evil Decepticons led by Megatron. The ensuing melee aboard the Autobot ship ends when the ship crashes on a volcano. Four million years later, an earthquake reactivates the ship’s computer and resurrects both the Autobots and Decepticons, resuming the great war of the Transformers."," Adventure, Mecha, Sci-Fi, Shounen", 1988, Completed," atakae! Chou Robot Seimeitai Transformers; Transformers G1; 戦え！超ロボット生命体トランスフォーマー , Transformers"
Transformers Armada (Dub), TV Series," On the mechanical planet of Cybertron live super robotic organisms known as Transformers. There, mainly consisting of convoys, the Cybertron army, and their old enemy Destron fell into conflict to gain hold of a new power to join their side. A new breed of Transformers known as the Microns. But, grieving over the battle the Microns set off to the other end of the universe. 4 million years later, on Earth, 3 young children activated a mysterious panel inside a cave. And somehow, that was the dormant Micron..."," Action, Mecha, Sci-Fi, Shounen", 2003, Completed, Transformers Micron Densetsu; Transformers Legend of Micron; Chou Robot Seimeitai Transformers Micron Densetsu; 超ロボット生命体トランスフォーマー マイクロン伝説
Transformers Beast, TV Series," Three hundred years have passed since the Great War between the Autobots and Decepticons. Cybertron is ruled by the Maximals, the descendants of the Autobots. They are at peace with the Predacons, the descendants of the Decepticons. One particular Predacon is looking to start trouble again. Megatron gathered a crew and stole Cybertron’s most guarded relic"," Action, Sci-Fi", 1999, Completed, Beast Machines
Transformers Galaxy Force, TV Series," Forced to abandon their home planet of Cybertron due to the threat of the Blackhole, Optimus Prime prepares to lead his autobot warriors to Earth. Just as they are leaving they are confronted by Vector Prime who warns Optimus Prime of the threat to the galaxy if the four Cyber Planet Keys are not gathered in time. However, Megatron has plans of his own for the universe. As they embark on the search, they land on new planets which are inhabited by different Transformer races as well as the Convoys who lead these planets."," Adventure, Mecha, Sci-Fi, Shounen", 2005, Completed," Transformers Cybertron, トランスフォーマー ギャラクシーフォース"
Transformers Galaxy Force (Dub), TV Series," Forced to abandon their home planet of Cybertron due to the threat of the Blackhole, Optimus Prime prepares to lead his autobot warriors to Earth. Just as they are leaving they are confronted by Vector Prime who warns Optimus Prime of the threat to the galaxy if the four Cyber Planet Keys are not gathered in time. However, Megatron has plans of his own for the universe. As they embark on the search, they land on new planets which are inhabited by different Transformer races as well as the Convoys who lead these planets."," Adventure, Mecha, Shounen", 2005, Completed, Transformers
Transformers Headmasters, TV Series," Headmasters starts with Galvatron leading a new batch of Destrons to wage war on Cybertron, the Destron Headmasters. The Cybertrons are rescued by the arrival of the Cybertron Headmasters, led by Fortress (Cerebros, the head of Fortress Maximus). It is revealed that Fortress Maximus left Cybertron millions of years ago in search of energy, and have finally managed to come home. He explains that the Headmasters are from a planet called Master; the human-sized robots who live there built themselves Transformers-sized bodies. They can then transform themselves into the heads of the robots, and have now joined the Cybertron-Destron war."," Action, Adventure, Mecha, Sci-Fi, Shounen, Space", 1987, Completed," Transformers The Headmasters, トランスフォーマー・ザ・ヘッドマスターズ"
Transformers Headmasters (Dub), TV Series," Headmasters starts with Galvatron leading a new batch of Destrons to wage war on Seibertron, the Destron Headmasters. The Cybertrons are rescued by the arrival of the Cybertron Headmasters, led by Fortress (Cerebros, the head of Fortress Maximus). It is revealed that Fortress left Seibertron millions of years ago in search of energy, and have finally managed to come home. He explains that the Headmasters are from a planet called Master; the human-sized robots who live there built themselves Transformers-sized bodies. They can then transform themselves into the heads of the robots, and have now joined the Cybertron-Destron war."," Adventure, Mecha, Sci-Fi, Shounen", 1987, Completed, Transformers The Headmasters; トランスフォーマー・ザ・ヘッドマスターズ
Transformers Prime, TV Series,," Action, Adventure", 2010, Completed,
Transformers Prime Beast Hunters, Movie, Chronicles the epic battle between the Decepticons and the Autobots in their mission to defend Earth and one day restore their home planet of Cybertron.," Action, Sci-Fi", 2013, Completed,
Transformers Superlink, TV Series," It has been 10 years since the fateful battle with Unicron. Many of the Decepticons who fought in the battle against Unicron have joined forces with the Autobos to mine for Energon, an alternate energy source. But a new source of evil has a risen, Alpha Q who plans to steal the Energon from the Autobots with the help of Scorponok and the Terrorcons. This new evil is trying to revive Megatron and Unicron in order to rekindle the old flames of war."," Adventure, Mecha, Sci-Fi, Shounen", 2004, Completed," Transformers Energon, トランスフォーマー スーパーリンク"
Transformers Superlink (Dub), TV Series," It has been 10 years since the fateful battle with Unicron. Many of the Decepticons who fought in the battle against Unicron have joined forces with the Autobos to mine for Energon, an alternate energy source. But a new source of evil has a risen, Alpha Q who plans to steal the Energon from the Autobots with the help of Scorponok and the Terrorcons. This new evil is trying to revive Megatron and Unicron in order to rekindle the old flames of war."," Adventure, Mecha, Sci-Fi, Space", 2004, Completed," Transformers Energon, トランスフォーマー スーパーリンク"
Transformers Superlink Special, Special,,,,,
Transformers, TV Series, Transformers crash land on present day Earth and inadvertently cause a technological revolution. They wake up 50 years later in a world where robots are used in everyday life. StarScream arrives looking for their AllSpark.," Action, Family, Sci-Fi", 2007, Completed,
Transformers, TV Series, Transformers crash land on present day Earth and inadvertently cause a technological revolution. They wake up 50 years later in a world where robots are used in everyday life. StarScream arrives looking for their AllSpark.," Action, Family, Sci-Fi", 2008, Completed,
Transformers, TV Series, Transformers crash land on present day Earth and inadvertently cause a technological revolution. They wake up 50 years later in a world where robots are used in everyday life. StarScream arrives looking for their AllSpark.," Action, Family, Sci-Fi", 2009, Completed,
Transformers, TV Series," The Transformers' war continues in an older time, through a new generation. On pliocenic Earth, the heroic Maximals and the evil Predacons battle for survival against each other and against a violent planet."," Action, Fantasy, Sci-Fi, Thriller", 1969, Completed, Beast Wars
Transformers, TV Series," The evil Gigatron has led his forces of Destrongers to Earth, where they seek to pillage the planet for its vast energy resources in order to fuel their war against the Autobots. If successful, the Destrongers will finally be able to tip the scale of power in the war to their favor, eliminating the Autobots and moving on to conquer the universe. To this end, the Destrongers kidnap the scientist Dr. Ohnishi, Earth's leading scientist on energy and natural resources.Dr. Oonishi's son, Koji, is contacted by none other than Fire Convoy, who takes the boy on a mission to rescue his father. Although Fire Convoy and the other Autobots fight valiantly, they are unable to rescue the doctor from the Destrongers. Now it is up to the Autobots and Koji to rescue Dr. Oonishi and protect the Earth and its resources from Gigatron and his army."," Adventure, Comedy, Mecha, Sci-Fi, Shounen", 2000, Completed, Transformers
Transformers, TV Series," An evil race of transforming robots known as the Destronger make their appearance known by invading a world exposition in New York and abducting Professor Onishi, a renowned scientist. The professor's son Yuuki befriends Fire Convoy and the heroic Cybertron forces, who will stop at nothing to rescue the professor and protect Earth from the wrath of Gigatron and his Destron henchmen."," Action, Comedy, Mecha, Sci-Fi, Shounen", 2000, Completed, Transformers
Transformers, TV Series," Even though the Decepticons have been driven off Earth, a small team of Autobot Pretenders have remained behind, just in case. Led by Metalhawk (""Hawk"" in his human identity), the Pretenders live among the humans, using their Pretender shells to assume human size and appearance. The Autobots' caution is rewarded"," Adventure, Mecha, Sci-Fi, Shounen", 1988, Completed," Transformers Super-God Masterforce , Transformers Chojin Master Force, Transformers Masterforce, トランスフォーマー・超神マスターフォース"
Transformers, TV Series," Even though the Decepticons have been driven off Earth, a small team of Autobot Pretenders have remained behind, just in case. Led by Metalhawk (""Hawk"" in his human identity), the Pretenders live among the humans, using their Pretender shells to assume human size and appearance. The Autobots' caution is rewarded"," Adventure, Mecha, Sci-Fi, Shounen", 1988, Completed," Transformers Super-God Masterforce, トランスフォーマー・超神マスターフォース"
Transformers, TV Series, The Transformers war heats up when the Autobots and Decepticons create combining robots to battle each other.," Mecha, Sci-Fi", 2016, Completed,
Transformers, TV Series," In the aftermath of the Titans’ conflict that concluded into Optimus Prime’s death, the rest of the Transformers must stand together in order to stop Megatronus from wiping out their species forever. During their search for the Requiem Blaster, more mysteries about Cybertron’s past will be uncovered, and a new Prime will be chosen"," Action, Adventure, Sci-Fi", 2018, Completed,
Transformers, TV Series," Follow the adventure of four young transformers, Heatwave, Chase, Blades and Boulder, and their human counterparts"," Mecha, Sci-Fi", 2012, Completed,
Transformers, TV Series," Follow the adventure of four young transformers, Heatwave, Chase, Blades and Boulder, and their human counterparts"," Mecha, Sci-Fi", 2014, Completed,
Transformers, TV Series," Follow the adventure of four young transformers, Heatwave, Chase, Blades and Boulder, and their human counterparts"," Mecha, Sci-Fi", 2014, Completed,
Transformers, TV Series," Follow the adventure of four young transformers, Heatwave, Chase, Blades and Boulder, and their human counterparts"," Mecha, Sci-Fi", 2016, Completed,
Transformers, TV Series," When a new army of Decepticons appear, Bumblebee must lead a new team of Autobots to Earth against their eternal foes."," Action, Mecha, Sci-Fi", 2015, Completed,
Transformers, TV Series, Transformers," Action, Mecha, Sci-Fi", 2016, Completed,
Transformers, TV Series, Transformers," Action, Mecha, Sci-Fi", 2016, Completed,
Transformers, TV Series," Years after the events of Predacons Rising, Bumblebee is summoned back to Earth to battle several of Cybertron's most wanted Decepticons that escaped from a crashed prison ship and assembles a team of young Autobots that includes Sideswipe (a rebel ""bad boy bot""), Strongarm (an Elite Guard cadet), Grimlock (a bombastic Dinobot)"," Action, Mecha, Sci-Fi", 2017, Completed,
Transformers, OVA," Beginning with a recap of the coming of the Transformers to Earth and the story of Devastator, the OVA then gets its original story underway, as the Autobots are shown to be in the midst of constructing the powerful ""Scramble City,"" overseen by their newest arrival, Ultra Magnus.When the Decepticons learn of this, their combiner robots are deployed to attack, and a battle between them and their Autobot counterparts ensues."," Action, Mecha, Sci-Fi, Shounen", 1986, Completed, Transformers - Scramble City
Transformers, Movie," It is the year 2005. Twenty-one years after the heroic Autobots and the evil Decepticons resumed their neverending war on planet Earth, the Decepticons have conquered the robots' home planet Cybertron. After a surprise attack by the Decepticons, both factions wage a gruesome battle at Autobot City. In the midst of the battle, Autobot leader Optimus Prime dies during his fight with Decepticon leader Megatron. The Autobot Matrix of Leadership is then passed on to second-in-command Ultra Magnus. Meanwhile, a badly-damaged Megatron is jettisoned by Starscream into deep space, where he encounters the planet-eating robot Unicron and is reborn as Galvatron, the new Decepticon leader. With Galvatron's reign on the rise and Unicron's imminent arrival within Cybertron's orbit, the Autobots must act quickly and protect the Matrix or face total annihilation."," Action, Mecha", 1986, Completed, トランスフォーマー　ザ・ムービー
Transformers, TV Series, The autobots and decepticons have obtained peace with one another after the combiner wars. now all of cybertron is in danger from a new/old enemy’s.," Action, Adventure, Sci-Fi", 2017, Completed,
Transformers, TV Series, Animated series set in the world of battling Autobots and Decepticons.," Action, Sci-Fi", 0, Completed,
Transformers, TV Series, Animated series set in the world of battling Autobots and Decepticons.," Action, Adventure, Dub", 2021, Completed, Transformers
Transformers, ONA, Arc 1," Action, Cars, Sci-Fi, Space", 2020, Completed,
Trapp Ikka Monogatari, TV Series," Based on the same story that produced the classic musical 'The Sound of Music', this is the story of Maria, who leaves her life in a convent to take up the responsibility of taking care of Captain Trapp's children."," Drama, Historical, Music, Romance", 1991, Completed," The Trapp Family Story, Sekai Meisaku Gekijou, トラップ 一家 物語"
Trapped with the CEO, ONA,, Action, 2022, Ongoing," CEO President's Wife Don’t Run Away ,天价宠妻总裁夫人休想逃"
Trese, ONA," Set in Manila where the mythical creatures of Philippine folklore live in hiding amongst humans, Alexandra Trese finds herself going head to head with a criminal underworld comprised of malevolent supernatural beings."," Action, Adventure, Supernatural", 2021, Completed,
Trese (Dub), ONA," Set in Manila where the mythical creatures of Philippine folklore live in hiding amongst humans, Alexandra Trese finds herself going head to head with a criminal underworld comprised of malevolent supernatural beings."," Action, Adventure, Supernatural", 2021, Completed,
Triage X, Spring 2015 Anime," Mochizuki General Hospital boasts some of the most well-trained (and well-endowed) nurses in town. But though these ladies spend much of their day battling sickness, their after-hours are spent fighting a very different sort of disease... Under the leadership of the hospital chairman, a handful of staff members and local teenagers form a group of mercenary assassins, targeting the ""cancers"" of society and excising those individuals before their wickedness spreads."," Action, Adventure, Ecchi, School, Shounen", 2015, Completed, トリアージX
Triage X OVA, OVA, Unaired episode 11 of the Triage X series bundled with the 12th manga volume.," Action, Ecchi, School, Shounen", 2015, Completed, トリアージX 「RECOLLECTION XOXO」
Tribe Cool Crew, Fall 2014 Anime," The protagonist Haneru is a middle school student who loves dancing. He can't sit still, as he even feels the rhythm of the sound of chalk in class. One day after school, Haneru Hiryuu meets Kanon who is practicing dancing at a secret training facility. The two know the joy of dancing together with others for the first time and the happiness of seeing their own dance moves. Japan's first full-fledged dance anime, depicting coming-of-age through meeting friends and dance battles with rivals, debuts!"," Music, School", 2014, Completed, トライブクルクル
Tribe Nine, Winter 2022 Anime," Haru Shirogane is a weak-minded person who is constantly bullied while Taiga has traveled from across the sea in hopes of becoming the strongest man in the world. One night, the two meet up with Shun Kamiya, the strongest XB (Extreme Baseball) player, and leader of the Minato Tribe. When they meet, each of the Tribes scattered throughout Neo-Tokyo are about to face a major threat.On the orders of the King of Neo-Tokyo, ""Houtenshin"", from the Chiyoda Tribe, led by the mysterious Ojiro Otori, has started to take control of all the tribes in the country. Their evil clutches are about to reach the Minato Tribe...", Sports, 2022, Completed, TRIBE NINE（トライブナイン）
Tribe Nine (Dub), TV Series," Haru Shirogane is a weak-minded person who is constantly bullied while Taiga has traveled from across the sea in hopes of becoming the strongest man in the world. One night, the two meet up with Shun Kamiya, the strongest XB (Extreme Baseball) player, and leader of the Minato Tribe. When they meet, each of the Tribes scattered throughout Neo-Tokyo are about to face a major threat.On the orders of the King of Neo-Tokyo, ""Houtenshin"", from the Chiyoda Tribe, led by the mysterious Ojiro Otori, has started to take control of all the tribes in the country. Their evil clutches are about to reach the Minato Tribe...", Sports, 2021, Completed, TRIBE NINE（トライブナイン）
Trickster, Fall 2016 Anime," The time period is the 2030s. Before the mysterious detective Kogorou Akechi, the Boys' Detective Team is assembled. Their actions have led to the resolution of various small and large incidents. One day, team member Kensuke Hanasaki meets a mysterious boy named Yoshio Kobayashi. Kobayashi, who has an undying body because of an ""unidentified fog,"" wishes his own death and refuses contact with others. Hanasaki takes an interest in Kobayashi and invites him to join the Boys' Detective Team. The encounter eventually leads them to the connection between the criminal nicknamed the ""Fiend with Twenty Faces"" and Kogorou Akechi. The fate of the two begins to move...", Mystery, 2016, Completed, TRICKSTER -江戸川乱歩「少年探偵団」より-
Trickster, Fall 2016 Anime," The time period is the 2030s. Before the mysterious detective Kogorou Akechi, the Boys' Detective Team is assembled. Their actions have led to the resolution of various small and large incidents. One day, team member Kensuke Hanasaki meets a mysterious boy named Yoshio Kobayashi. Kobayashi, who has an undying body because of an ""unidentified fog,"" wishes his own death and refuses contact with others. Hanasaki takes an interest in Kobayashi and invites him to join the Boys' Detective Team. The encounter eventually leads them to the connection between the criminal nicknamed the ""Fiend with Twenty Faces"" and Kogorou Akechi. The fate of the two begins to move...", Mystery, 2016, Completed, TRICKSTER -江戸川乱歩「少年探偵団」より-
Trigun, TV Series," Vash the Stampede is a gunman on the run with a 60 billion double dollar bounty on his head which has made it difficult for him to go anywhere without being chased and shot at. Every town he ever visits ends up being destroyed because of his pursuers, but miraculously no one ever gets killed.Meryl and Milly are two insurance agents that have been sent to find Vash the Stampede and keep him under surveillance so no more damage is caused. Meryl, who leads the pair, refuses to believe that the man they have met can possibly be the legendary gunman. This spikey haired, gangly, young man is extremely friendly, a pacifist, hates blood and suicide, absolutely loves donuts, and is a dork and a crybaby (far from a notorious outlaw). But there is more to Vash and his past than meets the eye. Genre"," Action, Comedy, Sci-Fi", 1998, Completed, トライガン
Trigun (Dub), TV Series," Trigun takes place in the distant future on a deserted planet. Vash the Stampede is a gunfighter with a legend so ruthless that he has a $$60,000,000,000 bounty on his head. Entire towns are evacuated upon hearing rumors of his arrival. However, the real Vash the Stampede is not the same man that rumor portrays him to be. The enigmatic and conflicted lead character in Trigun is actually more heroic in nature, and at times a complete and utter idiot."," Action, Comedy, Sci-Fi", 1998, Completed, トライガン
Trigun Stampede, Winter 2023 Anime," Vash the Stampede’s a joyful gunslinging pacifist, so why does he have a $6 million bounty on his head? That’s what’s puzzling rookie reporter Meryl Stryfe and her jaded veteran partner when looking into the vigilante only to find someone who hates blood. But their investigation turns out to uncover something heinous—his evil twin brother, Millions Knives."," Action, Adult Cast, Adventure, Sci-Fi, Shounen", 2023, Completed, TRIGUN STAMPEDE
Trigun Stampede (Dub), Winter 2023 Anime," Vash the Stampede’s a joyful gunslinging pacifist, so why does he have a $6 million bounty on his head? That’s what’s puzzling rookie reporter Meryl Stryfe and her jaded veteran partner when looking into the vigilante only to find someone who hates blood. But their investigation turns out to uncover something heinous—his evil twin brother, Millions Knives."," Action, Adult Cast, Adventure, Sci-Fi, Shounen", 2023, Completed,
Trigun, Movie," The story is set in Macca, a town surrounded by quicksand. With rumours spreading that the legendary robber Gasback has his sights set on the town, the mayor Kepler has brought together bounty hunters to protect the town. These bounty hunters have been following Gasback from town to town in hopes of bagging the prize. Meryl and Milly have come to town to assess the situation as insurance agents, but are shocked by this turn of events. Moreover, Vash the Stampede is also in town, along with the female bounty hunter Amelia and Nicholas D. Wolfwood."," Action, Comedy", 2010, Completed, トライガン
Trigun, Movie," 20 years after meddling into the bank heist of a notorious robber named Gasback, Vash the Stampede is heading towards Macca City. Rumors say that the legendary thief might appear there causing an enormous influx of bounty hunters in the area who want to collect the $$300,000,000 prize for his head."," Action, Comedy", 2010, Completed, Trigun the Movie; トライガン
Trinity Blood, TV Series," The background is in the distant future after the destruction brought about by Armageddon. The war between the vampires and the humans continue to persist. In order to protect the humans from the vampires, Vatican has to rely on other allies to counter the situation.The protagonist, a priest called Peter Abel Nightroad, travels through the countries as a representative for the Vaticans. However, he is also part of “Ax”, a special operations group controlled by the Cardinal Catherina. His encounter with a young girl called Esther will determine the struggle and survival between the human race and the vampires. Genre"," Action, Supernatural, Vampire", 2005, Completed, トリニティ・ブラッド
Trinity Blood (Dub), TV Series," The background is in the distant future after the destruction brought about by Armageddon. The war between the vampires and the humans continue to persist. In order to protect the humans from the vampires, the Vatican has to rely on other allies to counter the situation. The protagonist, Abel Nightroad, is a traveling priest from the Vatican and a crusnik, a vampire that drinks the blood of vampires. He is a member of the ""Ax"", a special operations group led by Cardinal Catherina Sforza. He encounters a young girl called Esther, who decides to go with him to Rome and train at the Vatican. Soon after he meets her, the order of Rozencreuz, led by Abel's twin, Cain, tries to continue the war so they can rule the world. It's up to Abel and the AX to try and stop them."," Action, Supernatural, Vampire", 2005, Completed, Trinity Blood; トリニティ・ブラッド
Trinity Seven, Fall 2014 Anime," Everyday is a normal day in the small town where Kasuga Arata lives. However, everything changed on the day of the Black Sun, and following it, a magician appears before him. The Black Sun caused the Breakdown Phenomenon which destroyed the town where he lives. Because of this, his normal life was artificially reconstructed by a Grimoire that his childhood friend had left. Just what is the purpose of the magician coming to the town? What will he do with the Grimoire's keepsake?http"," Action, Comedy, Ecchi, Fantasy, Harem, Magic, Romance, School, Supernatural", 2014, Completed, トリニティセブン
Trinity Seven (Dub), TV Series," One day, the bright red sun stopped shining, causing the ""Breakdown Phenomenon""—the destruction of Arata Kasuga's town and the disappearance of the people inhabiting it. All, however, is not yet lost; by utilizing the magical grimoire given to him by his childhood friend and cousin Hijiri Kasuga, Arata's world gets artificially reconstructed.In order to investigate the phenomenon, Lilith Asami appears before Arata, whose artificial world suddenly disintegrates. He is given two choices"," Action, Comedy, Ecchi, Fantasy, Harem, Magic, Romance, School, Shounen, Supernatural", 2014, Completed," Trinity Seven, トリニティセブン"
Trinity Seven Movie 2, Movie," Heavens Library & Crimson Lord brings back Arata, Lilith, and the rest of the Trinity Seven to face off against the greatest enemy in the history of the Trinity Seven; Lilith's own father, who is revealed to be the strongest Demon Lord, challenges Arata who is now a Demon Lord candidate."," Action, Comedy, Ecchi, Fantasy, Harem, Magic, Romance, School, Shounen", 2019, Completed, 劇場版トリニティセブン 天空図書館と真紅の魔王
Trinity Seven Movie, Movie," The film's story begins when Arata inadvertently touches ""Hermes Apocrypha,"" Lilith's Grimoire. Suddenly, he is enveloped by a bright white light, and a girl appears before him. She calls herself Lilim, and treats both Arata and Lilith as her parents. At the same time she appears, something changes in the world. The forbidden Eternal Library awakens. In the Library is sealed the ultimate culmination of Alchemy, the White Demon Lord. The White Demon Lord plots to eliminate Arata and the Trinity Seven to usurp the position of Demon Lord. Bristling with untold power, the White Demon Lord attacks Arata, and triggers a desperate crisis where Arata and the Trinity Seven must save the world in this last battle."," Action, Comedy, Ecchi, Fantasy, Harem, Magic, Romance, School, Shounen", 2017, Completed, Trinity Seven
Trinity Seven OVA, OVA," Bundled with limited edition of the 11th compiled volume of the manga. The premise of the OVA will be written by Kenji Saitou and will deal with a ""hilarious festival."" The 11th volume is scheduled to be shipped on March 25th."," Action, Comedy, Ecchi, Fantasy, Harem, Magic, Romance, School, Supernatural", 2015, Completed, Trinity Seven
Trip Trek (Dub), ONA," A young girl from a fairy-tale world, Zocco searches the real world for her missing mother. She is accompanied by Minime, a magical companion / pet that her mother created for her."," Adventure, Comedy", 2003, Completed, TRIP TREK [トリップトレック]
